{"cameraMode":{"drawMode":0,"name":"Shaded","section":"Shading Mode"},"sceneLighting":false,"audioPlay":false,"sceneViewState":{"showFog":true,"showMaterialUpdate":false,"showSkybox":false,"showFlares":true,"showImageEffects":true,"showParticleSystems":true},"in2DMode":false,"pivot":{"x":824.1970825195313,"y":23.52497100830078,"z":-949.4004516601563},"rotation":{"x":0.028248904272913934,"y":0.9650892615318298,"z":-0.11726028472185135,"w":0.23249544203281403},"size":1320.0,"orthographic":false}